z,mu
0.00122,28.9987
0.00122,29.0559
0.00256,30.7233
0.00256,30.7449
0.00299,30.7757
0.0035,30.7946
0.00478,30.4604
0.00478,30.5528
0.00478,30.4013
0.00478,30.5107
0.00357,31.5011
0.00369,31.7933
0.00369,31.4967
0.00462,31.6969
0.00366,30.9999
0.00435,31.3933
0.00435,31.3779
0.00293,31.499
0.00293,31.5611
0.00465,31.9309
0.00465,32.033
0.0046,31.2476
0.0046,31.1331
0.0046,31.6525
0.0046,31.2234
0.0046,31.34
0.0046,31.7635
0.00515,31.4473
0.00515,31.539
0.00458,31.6512
0.00701,31.7282
0.00489,31.9117
0.00489,31.8985
0.0066,31.6799
0.0066,31.6292
0.00505,31.7403
0.0054,32.1822
0.00603,32.4685
0.00596,31.9404
0.00596,32.0666
0.00596,31.9102
0.00551,30.9079
0.00551,31.1857
0.00635,32.0667
0.00635,32.0023
0.00635,32.0999
0.00635,32.0337
0.00552,32.0754
0.00552,32.0843
0.00552,32.0203
0.00567,32.8333
0.00548,32.4001
0.0055,32.4608
0.0055,32.4338
0.00801,31.7321
0.00594,31.2217
0.00592,32.3593
0.00812,31.9733
0.00727,32.1951
0.00727,32.1729
0.00727,32.2048
0.00611,32.4405
0.00703,32.3193
0.00703,32.3327
0.00703,32.3221
0.00668,32.4423
0.00668,32.4642
0.00664,32.7943
0.00664,32.7423
0.00664,32.7685
0.00722,32.3312
0.00722,32.2998
0.00769,32.6418
0.00769,32.7164
0.00769,32.6151
0.00788,32.7092
0.00801,32.3711
0.00801,32.7434
0.00801,32.6707
0.00867,32.4455
0.0078,32.484
0.00758,33.2138
0.00775,32.521
0.00775,32.6922
0.00796,32.6928
0.00861,32.852
0.00773,32.7527
0.00812,32.7223
0.00841,32.3744
0.00841,32.3945
0.00841,32.335
0.00931,32.4198
0.00837,32.8616
0.00853,32.799
0.00853,32.7498
0.00966,32.8914
0.00966,32.8973
0.00966,32.9159
0.01029,32.3353
0.00998,33.0399
0.00998,33.2135
0.00998,33.2309
0.00998,33.2469
0.01051,32.901
0.01051,32.8654
0.00957,32.8029
0.00957,32.9165
0.009,33.4753
0.0105,32.6457
0.0105,32.7458
0.0105,32.9015
0.01042,32.7794
0.00979,32.9182
0.00979,32.9674
0.00921,33.3378
0.00921,33.2253
0.01042,33.2788
0.0098,33.1236
0.00958,33.0869
0.01049,33.3806
0.01049,33.2931
0.01048,33.1081
0.00993,33.0683
0.00993,33.1809
0.0104,33.5709
0.01238,33.7337
0.01238,33.6369
0.01096,33.8347
0.01096,33.4336
0.01096,33.4947
0.01189,33.5833
0.01168,33.4974
0.01275,33.8783
0.01244,33.7023
0.01142,33.7403
0.0126,33.8286
0.0122,33.708
0.0122,33.7246
0.01247,33.5874
0.01247,33.5178
0.01407,33.7492
0.01306,33.6365
0.01306,33.5028
0.01309,33.7355
0.01309,33.7607
0.01222,33.5752
0.01222,33.5673
0.01334,33.52
0.01334,33.4717
0.01288,33.9682
0.01288,33.9846
0.01288,33.9247
0.0136,33.797
0.0136,33.7683
0.0136,33.772
0.01314,33.7649
0.01361,33.6741
0.01434,33.6968
0.014,33.8053
0.014,33.6651
0.01406,33.8206
0.01424,33.8444
0.01386,34.0187
0.01386,34.0249
0.01509,34.3366
0.01509,34.1781
0.01509,34.252
0.01416,33.9078
0.01504,34.1727
0.01457,33.7526
0.0142,33.8826
0.01422,33.9253
0.01503,33.7553
0.01503,33.7189
0.01448,33.8916
0.01429,33.7894
0.01472,34.0109
0.01449,34.1902
0.01402,33.8524
0.01483,33.974
0.01483,33.9261
0.01509,33.8877
0.01495,34.1793
0.01529,33.7706
0.01522,34.0334
0.01518,34.3426
0.01566,34.0744
0.01572,34.0331
0.01493,34.2732
0.01534,34.2581
0.01534,34.2112
0.01534,33.9994
0.01534,33.8852
0.01592,33.7902
0.01592,33.8072
0.01506,34.1732
0.01506,34.1302
0.01539,34.3317
0.01527,34.1657
0.01629,33.9986
0.01629,34.0697
0.01556,33.9926
0.01556,33.9004
0.01579,34.3916
0.01619,34.0287
0.01579,34.1663
0.01579,34.1323
0.01538,34.0329
0.01636,34.1062
0.01619,34.4137
0.01595,33.9999
0.0157,34.1608
0.01612,33.9726
0.01581,34.2793
0.01633,34.3408
0.0163,33.8985
0.01632,34.1679
0.01646,34.4649
0.01646,34.5341
0.01601,33.9673
0.0161,33.841
0.0161,33.8975
0.01671,34.4894
0.01678,34.3409
0.01673,34.0755
0.01661,34.1973
0.01658,34.022
0.01658,34.2003
0.01697,34.6084
0.01649,34.1436
0.01649,34.1517
0.0168,34.4009
0.0168,34.5101
0.01694,34.361
0.01709,34.31
0.01709,34.2669
0.01646,33.7799
0.01774,34.3228
0.01774,34.3133
0.01718,34.1465
0.01748,34.2221
0.01734,34.3364
0.01734,34.2464
0.01739,34.2939
0.01739,34.2418
0.01765,34.2975
0.01791,34.2661
0.01805,34.6078
0.01918,34.9792
0.01791,34.2005
0.01796,34.4393
0.01925,34.492
0.01925,34.576
0.01851,34.6171
0.01851,34.5716
0.01902,34.6066
0.01822,34.5466
0.01822,34.4866
0.01839,34.4286
0.01955,34.7747
0.01955,34.8085
0.01835,34.757
0.01835,34.7394
0.01992,34.6865
0.01855,34.3648
0.01948,34.6854
0.01976,34.5121
0.02033,34.5072
0.02033,34.702
0.01926,34.5995
0.01926,34.5012
0.01926,34.576
0.01926,34.6482
0.0187,34.9988
0.02019,34.8165
0.02019,34.5749
0.02066,34.5709
0.02066,34.5656
0.02066,34.4931
0.02121,34.6552
0.01983,35.1263
0.02039,34.556
0.02061,34.4168
0.02014,34.5647
0.02079,34.4863
0.02087,34.674
0.02087,34.6349
0.02046,34.8118
0.02001,34.6956
0.01993,34.6693
0.02093,34.375
0.02207,34.8194
0.02146,35.118
0.02146,35.2056
0.02187,34.7561
0.02187,34.7344
0.02187,34.7419
0.01978,34.7627
0.02179,34.3468
0.02017,34.5899
0.02104,34.6114
0.02157,34.7709
0.0214,34.7583
0.0214,34.7742
0.02263,34.8589
0.02245,34.9654
0.02193,34.6739
0.02209,34.7477
0.02202,34.8847
0.02238,35.0481
0.02292,35.0136
0.02161,34.8059
0.02161,34.8234
0.02257,34.9245
0.02214,34.7727
0.02214,34.8704
0.02217,34.7814
0.02334,34.7714
0.02334,34.8603
0.02181,34.759
0.02181,34.7997
0.02253,35.0392
0.02253,34.7306
0.02382,34.8438
0.02226,34.8693
0.02224,34.6849
0.02368,35.2685
0.02374,34.8584
0.0226,34.9992
0.0226,34.9712
0.0235,34.985
0.02324,34.7666
0.02317,35.0225
0.02262,34.883
0.02287,34.9168
0.02222,35.0537
0.02295,34.6478
0.02295,34.4301
0.02328,34.9851
0.02328,35.0081
0.02328,34.9783
0.02315,34.8582
0.02315,34.8582
0.02309,34.8331
0.02405,34.8391
0.0245,34.9998
0.0228,35.0406
0.0228,34.9509
0.02331,34.5715
0.0222,34.9543
0.02422,34.943
0.02307,34.9949
0.02396,34.889
0.02296,34.994
0.02454,34.8993
0.02358,35.1018
0.02436,35.1049
0.02436,34.4711
0.02421,34.8782
0.0242,34.9421
0.0242,35.084
0.0245,35.1803
0.02425,35.0771
0.02395,34.9871
0.02395,34.953
0.02349,35.2317
0.02414,35.0102
0.02476,35.008
0.02476,35.0746
0.02476,34.9493
0.02395,35.1784
0.02451,35.1061
0.02451,35.0521
0.02451,34.8898
0.02426,34.9528
0.02426,34.807
0.02406,34.8112
0.02404,35.0862
0.02491,35.1973
0.02553,35.2152
0.02481,34.8369
0.02481,34.8482
0.02413,35.079
0.02481,35.009
0.02499,35.0276
0.02443,34.4583
0.025,34.9117
0.025,35.1989
0.025,35.2277
0.02469,35.1139
0.02469,35.1145
0.02547,34.9842
0.02494,34.9441
0.02494,34.9063
0.02582,35.1882
0.02522,35.1974
0.02474,35.1828
0.02492,35.0621
0.02592,34.7664
0.02538,35.1181
0.02525,35.4014
0.02584,35.2931
0.02584,35.1081
0.02584,34.835
0.02618,35.3111
0.02597,35.2855
0.02597,35.3429
0.02579,35.0223
0.02595,35.308
0.02603,35.2688
0.02603,35.2892
0.02691,35.1184
0.02643,35.2513
0.0264,35.3224
0.02724,35.2892
0.02633,35.2673
0.02655,35.3437
0.02655,35.1118
0.02655,35.227
0.02643,35.313
0.0266,35.3042
0.02721,35.5236
0.02717,35.113
0.02717,35.1538
0.02717,35.1117
0.02676,35.3467
0.0277,35.7258
0.02704,35.1306
0.02759,35.6739
0.02748,35.3613
0.02827,35.3174
0.02775,35.2874
0.02831,35.5061
0.02831,35.5563
0.02831,35.558
0.02794,35.2665
0.02834,35.372
0.02834,35.3421
0.02778,35.1049
0.02732,35.4368
0.02732,35.2913
0.02732,35.359
0.02802,35.1963
0.02829,35.5996
0.02779,35.6596
0.02953,35.3449
0.02859,35.4105
0.02806,34.9487
0.02828,35.2763
0.02871,35.4779
0.02845,35.0558
0.02875,35.5152
0.02844,35.6948
0.0285,35.2391
0.02895,35.6024
0.02895,35.6222
0.02874,35.472
0.0299,35.2761
0.02886,35.0939
0.02896,35.6079
0.0305,35.3638
0.03053,35.4654
0.029,35.5064
0.03048,35.2781
0.02935,35.5015
0.02988,35.5116
0.02934,35.4354
0.02962,35.861
0.02978,35.5195
0.02978,35.4838
0.02978,35.4761
0.03025,35.5185
0.03002,35.5542
0.02994,35.4803
0.02973,35.5345
0.02965,35.3586
0.03099,35.3522
0.03004,35.6084
0.0298,35.4648
0.03007,35.4164
0.03093,35.4926
0.03136,35.6481
0.03072,35.9224
0.03072,35.406
0.03072,35.3374
0.03013,35.565
0.03107,35.67
0.03107,35.5409
0.03132,35.5877
0.03093,35.5304
0.03156,35.6675
0.03141,35.4957
0.03141,35.5793
0.03141,35.4841
0.03241,35.772
0.03241,35.7428
0.03241,35.7867
0.03075,35.6231
0.03107,35.6461
0.03264,35.5602
0.03123,35.9119
0.03081,35.7017
0.03081,35.707
0.03081,35.6474
0.03081,35.6847
0.03279,35.7279
0.03207,35.4592
0.03158,35.4896
0.03174,35.6746
0.03201,35.576
0.03212,35.8562
0.03212,35.8577
0.03183,35.8808
0.03183,35.6656
0.03189,35.9082
0.03246,35.6638
0.03246,35.6366
0.03246,35.6431
0.0337,35.6329
0.03337,35.8381
0.03212,35.7248
0.03212,35.7992
0.0325,35.7324
0.0325,35.8907
0.03314,35.6164
0.03245,35.6643
0.03245,35.7268
0.03336,35.8159
0.03292,35.8647
0.03292,35.8516
0.03309,35.7797
0.03344,35.829
0.03316,36.0229
0.03323,35.8276
0.0331,35.9089
0.03432,35.7587
0.03352,35.9188
0.03352,35.9378
0.03565,35.7837
0.03533,35.825
0.0337,35.9757
0.03481,35.7348
0.0341,35.8566
0.03351,35.9118
0.03492,35.8816
0.03574,35.8937
0.03369,35.8012
0.03369,35.8038
0.03497,35.8349
0.03445,35.861
0.03518,35.9905
0.03542,36.234
0.03495,35.9591
0.03495,36.1545
0.03564,35.9325
0.03501,35.5515
0.03592,35.9909
0.03544,35.8586
0.03602,36.1845
0.03577,36.0035
0.03643,35.9282
0.03643,35.8836
0.03725,36.0748
0.03631,35.8056
0.03631,35.9287
0.03616,36.0695
0.03654,36.08
0.03591,35.9637
0.03646,36.0475
0.03627,36.0067
0.03627,35.9927
0.03589,35.8698
0.03704,35.9789
0.03639,35.949
0.03652,36.3333
0.03652,36.2185
0.03761,36.0063
0.03672,36.0624
0.03641,36.0889
0.03732,35.8938
0.03732,35.8617
0.0379,36.1141
0.03762,36.5177
0.0394,36.2254
0.03748,36.2564
0.03835,36.0125
0.03832,36.026
0.03871,36.0125
0.038,36.1962
0.03928,36.2125
0.03996,36.284
0.03891,36.5486
0.04015,36.0167
0.04015,36.0818
0.03975,35.9918
0.04056,36.1263
0.04045,36.4104
0.04027,36.0403
0.04059,36.3153
0.04023,36.5601
0.0428,36.2101
0.04239,36.5106
0.04223,36.2931
0.04251,35.9138
0.0413,36.2521
0.0413,36.2071
0.04265,36.2018
0.04252,36.2457
0.04328,36.4165
0.04275,36.2137
0.04275,36.2882
0.04391,36.2594
0.04307,36.3298
0.04404,36.5469
0.04397,36.2916
0.0451,36.551
0.04366,36.5114
0.04429,36.4565
0.04433,36.6866
0.04502,36.4541
0.04496,36.4634
0.04496,36.5139
0.04488,36.1579
0.04549,36.3811
0.04627,36.2636
0.04612,36.5394
0.04541,36.3247
0.04673,36.5081
0.0467,36.4713
0.04692,36.4786
0.04692,36.4857
0.04764,36.7582
0.04677,36.5642
0.04734,36.6009
0.04768,36.5946
0.0478,36.5627
0.04777,36.4976
0.04777,36.3735
0.04867,36.3303
0.04839,36.641
0.05018,36.5997
0.04896,36.4691
0.04928,36.5828
0.05019,36.6402
0.04952,36.4714
0.0498,36.5693
0.04998,36.8583
0.04944,36.5403
0.0497,36.4621
0.05063,36.5461
0.05071,36.7036
0.04995,36.8523
0.05139,36.8804
0.05196,36.393
0.05165,36.5862
0.05148,36.7759
0.05232,36.8679
0.05232,36.5433
0.05229,36.8411
0.0532,36.9144
0.05268,36.7752
0.05291,36.8474
0.05449,36.8631
0.0543,36.8327
0.05485,36.8581
0.05529,36.6433
0.05513,36.8676
0.05641,36.8109
0.05658,36.9098
0.05668,37.0393
0.05631,36.9903
0.0568,37.0687
0.0576,36.9821
0.0576,36.9324
0.05708,36.9545
0.05837,36.9802
0.05837,37.146
0.05934,36.3001
0.06079,37.032
0.0613,37.1631
0.0613,37.1925
0.06067,37.1383
0.06116,36.9608
0.06116,36.9691
0.06142,37.0747
0.0637,37.3517
0.06419,37.0197
0.06398,37.0786
0.06485,37.0851
0.06603,37.3617
0.06652,37.1627
0.06723,37.4237
0.06731,37.2344
0.06758,37.4935
0.06841,37.2381
0.06908,37.4213
0.0691,37.2817
0.07076,37.2944
0.07028,37.2961
0.07028,37.2775
0.07046,37.4787
0.07113,37.4814
0.07068,37.4543
0.07061,37.7291
0.07074,37.3712
0.07094,37.3552
0.07149,37.2494
0.07134,37.4155
0.07193,37.5618
0.07196,37.6319
0.07301,37.6225
0.07398,37.5535
0.07478,37.4346
0.07467,37.4501
0.0749,37.4763
0.0749,37.5656
0.07514,37.8142
0.07529,37.5461
0.07557,37.6342
0.07855,37.5715
0.07833,37.8315
0.07849,38.0154
0.07849,38.0942
0.07869,37.5988
0.07891,37.7843
0.07901,37.53
0.07966,37.6003
0.08024,37.6668
0.08141,37.7215
0.08221,37.8192
0.08255,37.6774
0.08282,37.9939
0.08366,37.9686
0.08544,37.8406
0.08656,37.8484
0.08848,37.7772
0.09015,37.9202
0.09066,38.0269
0.09181,38.1602
0.09284,38.2226
0.09968,38.4377
0.10142,38.2982
0.10237,38.4085
0.10231,38.2511
0.10298,38.1815
0.10338,38.3338
0.10351,38.2079
0.10485,38.4295
0.10638,38.2611
0.10684,38.4624
0.10694,38.4295
0.10728,38.7801
0.10751,38.4984
0.1081,38.4017
0.10886,38.4016
0.10988,38.5701
0.11243,38.6214
0.11365,38.3876
0.11628,38.5408
0.11635,38.6302
0.11741,38.5727
0.11771,38.6088
0.11797,38.4157
0.11878,38.5629
0.11992,38.5958
0.12042,38.7926
0.12067,38.6348
0.1219,38.5945
0.12208,38.6119
0.12262,38.6853
0.12303,38.5967
0.12336,38.6164
0.12356,38.8009
0.12363,38.8242
0.12377,38.6504
0.12384,38.835
0.12455,38.7616
0.12542,39.1417
0.12608,38.4956
0.12688,38.8125
0.12694,38.6849
0.12705,38.7429
0.12716,38.7841
0.129,38.7547
0.12904,38.8403
0.12929,38.833
0.1294,38.8429
0.13153,38.802
0.13269,38.7841
0.13349,38.8266
0.13353,38.8434
0.13463,39.2366
0.13514,39.0775
0.13599,38.9771
0.1364,38.8475
0.13687,39.0095
0.13696,38.9616
0.13729,39.3511
0.13811,38.8857
0.13818,38.9503
0.13824,39.0229
0.13834,39.0401
0.13868,38.9999
0.13864,39.0467
0.13959,39.0213
0.1407,39.1775
0.14084,39.2835
0.14108,39.0407
0.1412,39.1237
0.14311,39.047
0.14335,39.5154
0.14344,39.1135
0.14388,39.0756
0.1441,39.016
0.14533,39.1518
0.14624,39.1857
0.14656,39.158
0.14741,39.0154
0.14729,38.9672
0.14759,39.134
0.14757,39.161
0.14812,39.2285
0.14792,39.0382
0.14819,39.0239
0.14882,39.1606
0.14923,39.1104
0.15036,39.1058
0.15067,39.1687
0.15186,39.0477
0.15272,39.3239
0.15304,39.2175
0.15317,39.0991
0.15325,39.2564
0.15339,39.3639
0.15493,39.2076
0.15509,39.278
0.15518,39.3994
0.15591,38.9704
0.15654,39.2087
0.15838,39.0794
0.15906,39.4267
0.15922,38.9503
0.15935,39.0908
0.16009,39.0428
0.15991,39.2286
0.16036,39.2057
0.16045,39.4242
0.1606,39.2162
0.16134,39.3106
0.1622,39.3252
0.16357,39.2807
0.16431,39.2634
0.16455,39.3293
0.16478,39.3182
0.16593,39.4938
0.16595,39.1817
0.16817,39.2757
0.16935,39.5155
0.1696,39.6721
0.17029,39.4742
0.17137,39.5424
0.17156,39.4603
0.17239,39.5021
0.17274,39.2676
0.17282,39.7263
0.17315,39.3871
0.17357,39.5403
0.1736,39.3493
0.17383,39.5986
0.174,39.5734
0.17405,39.3317
0.17431,39.5053
0.17427,39.5546
0.17428,39.4849
0.17483,39.7434
0.17654,39.5164
0.17697,39.5095
0.17729,39.4771
0.17769,39.3394
0.1778,39.6477
0.17839,39.9669
0.1789,39.641
0.17896,39.7672
0.17916,39.5355
0.17955,39.5509
0.17959,39.5519
0.17979,39.5962
0.1799,39.9979
0.18037,39.3688
0.18059,39.5035
0.18064,39.7166
0.18067,39.6391
0.18071,39.6151
0.1808,39.6213
0.18138,39.6585
0.18123,39.4868
0.18148,39.3953
0.18203,39.5863
0.18216,39.5259
0.18217,39.6885
0.18243,39.7821
0.18345,39.5995
0.18383,39.68
0.18376,39.752
0.18388,39.796
0.18444,39.9384
0.18443,39.7891
0.18468,39.6548
0.18482,39.613
0.18492,39.7435
0.18501,39.6347
0.18507,39.5427
0.18538,39.7882
0.18651,39.7559
0.18714,39.7694
0.18801,39.7451
0.18892,39.4384
0.18893,39.8089
0.18937,39.9359
0.18915,40.1408
0.18931,39.7413
0.18955,39.7624
0.18979,39.7286
0.19009,39.8807
0.19026,39.6892
0.1903,39.9182
0.19397,39.7983
0.19422,39.8787
0.19534,40.1343
0.19556,39.7111
0.19549,39.9082
0.19555,39.958
0.19602,39.7288
0.19611,39.7747
0.19616,39.8397
0.19624,39.8927
0.19719,39.8018
0.19726,39.6932
0.19786,39.492
0.19801,39.7561
0.19815,39.8879
0.19846,40.3246
0.1986,39.8881
0.19863,39.889
0.19892,40.0216
0.19956,39.8511
0.19948,39.6764
0.19957,39.8965
0.20062,39.6837
0.20068,39.9838
0.20074,39.7672
0.20139,39.8575
0.20216,39.6184
0.20237,39.9949
0.20268,39.8373
0.20308,39.9658
0.20314,39.8822
0.20318,39.9277
0.20323,39.9335
0.20368,39.9041
0.20454,39.8809
0.20471,39.8427
0.20515,40.1661
0.20549,39.8126
0.20699,39.9225
0.20736,40.316
0.20754,40.0725
0.20831,39.7299
0.20847,39.8758
0.20856,40.1034
0.20857,39.8639
0.20864,39.8798
0.20937,39.8413
0.21003,40.1479
0.21023,39.4543
0.21071,39.9632
0.21083,39.806
0.21099,39.9552
0.21137,40.1415
0.2116,39.9676
0.21186,39.9136
0.21214,39.9374
0.21339,40.0218
0.21353,40.0084
0.21383,39.8874
0.21442,40.0179
0.21511,39.8825
0.21513,40.4641
0.21566,40.2253
0.21653,39.8253
0.21674,40.0672
0.21677,40.0932
0.21729,40.1395
0.21781,39.9942
0.21848,40.2216
0.21884,40.1416
0.21885,40.1925
0.21887,40.1292
0.21886,40.0296
0.21943,40.0048
0.21935,40.1098
0.21982,40.0616
0.21967,40.0882
0.21976,40.2387
0.22005,39.9228
0.22055,40.1876
0.22069,40.0798
0.22141,40.0441
0.22141,40.0588
0.22157,40.1937
0.22287,40.3257
0.22335,40.1511
0.22373,40.0162
0.22451,40.1293
0.22451,39.9449
0.22482,40.1126
0.22552,40.1491
0.22534,40.1329
0.22536,40.1856
0.22563,39.9865
0.22632,40.3912
0.22714,40.097
0.22806,40.2236
0.22853,40.1604
0.22917,40.2229
0.22967,40.1351
0.23006,40.1283
0.23044,40.3062
0.23066,40.0717
0.23075,40.1049
0.23083,40.2958
0.23111,40.3169
0.2315,40.201
0.23171,40.0875
0.23212,40.2045
0.23269,39.8341
0.23356,40.1857
0.23364,40.4148
0.23381,40.1788
0.23381,40.1389
0.23475,40.1912
0.23471,40.2784
0.23483,40.158
0.23508,40.1629
0.23543,40.2336
0.2363,40.3805
0.23649,40.2636
0.23653,40.4674
0.23671,40.119
0.23684,40.2279
0.23711,40.2245
0.23735,40.7365
0.23776,40.2317
0.23954,39.9059
0.23971,40.13
0.24004,40.3847
0.24072,40.4016
0.24106,40.3291
0.24153,40.1214
0.24151,40.172
0.24207,40.564
0.24267,40.4217
0.24271,40.5734
0.24316,40.2516
0.24341,40.538
0.24405,40.2956
0.24436,40.2064
0.24449,40.1263
0.24497,40.3336
0.24512,40.4957
0.24539,40.3582
0.24594,40.4318
0.24604,40.3473
0.24637,40.378
0.24643,40.2829
0.24649,40.3907
0.24701,40.1983
0.24835,40.203
0.24848,40.4912
0.24848,40.4276
0.24851,40.3657
0.24853,40.3256
0.24883,40.427
0.24899,40.3167
0.24961,40.6733
0.24973,40.2961
0.24974,40.3915
0.25004,40.5965
0.25008,40.3764
0.2503,40.4145
0.25037,40.5692
0.25052,40.3009
0.25077,40.3873
0.25191,40.4698
0.25247,40.4622
0.25249,40.4066
0.25319,40.3688
0.25345,40.0303
0.25394,40.4546
0.25605,40.6458
0.25609,40.5593
0.25625,40.3729
0.25672,40.5023
0.25721,40.5776
0.25723,40.4941
0.2576,40.6088
0.258,40.528
0.25847,40.4663
0.25855,40.51
0.25911,40.5418
0.25908,40.2879
0.25912,40.4255
0.25935,40.5238
0.25954,40.442
0.26051,40.5033
0.26086,40.6128
0.2613,40.447
0.26151,40.4182
0.26162,40.6874
0.26162,40.681
0.26166,40.392
0.26173,40.6935
0.26187,40.7216
0.2629,41.2641
0.26309,40.6388
0.26348,40.3997
0.26384,40.5588
0.26386,40.3035
0.26395,40.6342
0.26405,40.5074
0.26462,40.5153
0.26451,40.6719
0.2657,40.6087
0.26576,40.3244
0.26629,40.2901
0.26687,40.5463
0.26794,40.5103
0.26804,40.4623
0.2685,40.579
0.26848,40.4553
0.26879,40.6039
0.27006,40.6363
0.2701,40.5089
0.27045,40.5139
0.27085,40.4887
0.27129,40.5677
0.27265,40.5415
0.2734,40.4721
0.27444,40.7399
0.27511,40.7769
0.27508,40.5286
0.27574,40.6631
0.27619,40.6749
0.27656,40.8504
0.27764,40.6186
0.27784,40.9187
0.27924,40.7037
0.2798,40.5056
0.27987,40.5664
0.28049,40.6663
0.28122,40.6224
0.28198,40.5986
0.28256,40.744
0.28333,40.6596
0.28395,40.5735
0.28436,40.5431
0.28434,40.6919
0.28468,41.1135
0.28547,40.7046
0.28577,40.671
0.28655,40.6389
0.28723,40.5691
0.28746,40.5379
0.28763,40.8753
0.28806,40.7075
0.28835,40.749
0.28843,40.7458
0.28882,40.9433
0.2889,40.7428
0.28896,40.6763
0.28899,40.702
0.28952,40.9765
0.29001,40.7393
0.28998,40.7298
0.29036,40.7861
0.29114,40.484
0.29199,40.7606
0.29186,40.7653
0.29208,40.7505
0.29208,40.4229
0.29241,40.6378
0.29246,40.6952
0.2928,40.7458
0.29291,40.8268
0.29354,40.857
0.29496,40.762
0.29568,41.0209
0.29576,40.9989
0.29639,40.9938
0.29683,40.6595
0.29687,40.7505
0.29842,41.2705
0.29845,40.6539
0.29888,40.9195
0.29923,41.0113
0.29947,41.0213
0.29936,40.7335
0.30007,40.9837
0.30022,40.8795
0.30078,41.1729
0.3015,40.8585
0.30141,41.1086
0.30254,40.8894
0.30296,40.8204
0.30339,40.9204
0.30354,41.0778
0.30396,40.719
0.30395,40.7052
0.30478,41.0411
0.30477,40.9018
0.30519,40.5924
0.30525,40.9054
0.30551,41.0041
0.30568,40.9451
0.30641,40.8959
0.30668,41.16
0.30697,40.9573
0.30805,41.2018
0.30822,40.9533
0.30881,40.9954
0.30915,41.046
0.3093,40.9757
0.30939,41.0177
0.30955,40.72
0.31043,40.6197
0.31053,40.9962
0.31077,41.046
0.31152,41.0123
0.31185,41.0377
0.31195,40.9503
0.31252,40.9565
0.31258,41.0352
0.31259,40.6239
0.31287,41.0195
0.31294,41.0061
0.31377,41.0228
0.31444,41.1251
0.31495,41.0194
0.31509,40.8837
0.31577,41.2033
0.31582,40.933
0.31613,41.1979
0.31773,41.0738
0.31795,41.0772
0.31813,41.0199
0.31839,41.3345
0.31893,41.141
0.31892,40.8941
0.32089,41.2315
0.32095,40.9546
0.32108,41.1921
0.32214,40.7271
0.32214,40.8628
0.32214,40.8774
0.32265,40.9316
0.32454,41.0699
0.32535,41.2273
0.3255,41.2625
0.3257,41.1639
0.32573,41.0478
0.32622,41.0504
0.32794,41.0002
0.32829,41.3079
0.32838,41.351
0.32843,40.934
0.3287,41.0716
0.32859,41.1
0.3286,40.9276
0.3291,41.0566
0.32931,41.4109
0.32943,41.2391
0.3296,41.1031
0.32985,40.8444
0.33055,41.2306
0.33048,41.1674
0.33052,41.1689
0.3308,41.1586
0.3308,40.996
0.33094,41.0098
0.33154,41.0301
0.33137,41.2335
0.33155,41.1012
0.33179,41.0149
0.3324,40.977
0.3329,41.3299
0.33353,41.0025
0.33353,41.0366
0.33439,41.1204
0.3349,41.0251
0.33513,41.0242
0.33663,41.0367
0.33752,41.1678
0.33739,41.0098
0.33753,41.1477
0.3378,41.1537
0.33825,41.145
0.33851,41.1131
0.339,41.0555
0.34051,41.1737
0.3409,41.0587
0.34101,41.0641
0.34176,41.2122
0.34448,41.3081
0.3445,41.2914
0.34479,41.2333
0.34547,41.2033
0.34594,41.3318
0.34686,41.4163
0.34704,41.1174
0.34872,41.3721
0.34899,41.2499
0.34918,41.282
0.3492,41.1406
0.34946,41.2033
0.34957,41.005
0.34956,41.3756
0.34952,41.1526
0.34957,41.4873
0.35017,41.1867
0.35066,41.2342
0.35087,41.2532
0.35157,41.4798
0.35156,41.3343
0.35361,41.3657
0.35527,41.4647
0.35767,41.3574
0.35791,41.3539
0.35833,41.2423
0.35858,41.1484
0.35901,41.1532
0.35897,41.4429
0.35949,41.4213
0.36005,41.187
0.36023,41.0791
0.36081,41.4328
0.36138,41.1159
0.36272,41.2452
0.36326,41.364
0.36491,41.4626
0.36613,41.136
0.36648,41.2327
0.36705,41.2088
0.3678,41.2627
0.36791,41.4699
0.36844,41.5479
0.36862,41.463
0.36952,41.4498
0.36977,41.2185
0.37012,41.3794
0.37059,41.3759
0.37051,41.3833
0.37046,41.6395
0.37053,41.273
0.37053,41.0698
0.37087,41.4098
0.37143,41.334
0.3716,41.3842
0.3715,41.4289
0.37351,41.3114
0.37426,41.4722
0.37678,41.4155
0.37798,41.3598
0.37859,41.4271
0.37986,41.2959
0.37989,41.4154
0.38052,41.4614
0.38083,41.4511
0.38131,41.4549
0.3816,41.6775
0.38174,41.5615
0.3825,41.3726
0.38284,41.3678
0.38394,41.5182
0.38594,41.5217
0.38677,41.3791
0.38735,41.5567
0.38772,41.6302
0.38886,41.383
0.38951,41.544
0.39262,41.4742
0.39512,41.4677
0.39698,41.259
0.39946,41.7119
0.40048,41.4918
0.40212,41.4795
0.40286,41.5478
0.40361,41.616
0.40454,41.6747
0.40472,41.3373
0.40547,41.7807
0.40648,41.6914
0.409,41.7002
0.40911,41.7405
0.40927,41.7061
0.40947,41.6784
0.40995,41.6836
0.41114,41.662
0.41131,41.8335
0.41152,41.8131
0.41258,41.7893
0.41664,41.7295
0.41864,41.6174
0.41927,41.6863
0.41931,41.4604
0.41962,41.8662
0.41956,41.7981
0.41997,41.4394
0.42027,41.8343
0.4209,41.6178
0.42085,41.728
0.42199,41.5336
0.42245,41.6483
0.42242,41.6796
0.42355,41.5955
0.42349,41.8403
0.42392,41.7264
0.42451,41.7483
0.42562,41.7039
0.42594,41.7517
0.42689,41.813
0.42694,41.8348
0.42784,42.2757
0.42865,41.8825
0.42888,41.6443
0.42895,41.8266
0.42967,41.9219
0.43013,41.8354
0.43487,41.7828
0.43544,41.5839
0.43673,42.0051
0.43765,41.6253
0.43774,41.882
0.43883,41.4679
0.43883,41.6682
0.43926,41.8262
0.44004,42.1401
0.44059,41.6364
0.44154,41.6823
0.44246,41.8523
0.44254,41.9039
0.44368,41.793
0.44384,41.8069
0.44756,41.8552
0.4489,41.8853
0.44896,41.9875
0.4506,41.6446
0.451,41.9281
0.45169,41.5892
0.45169,41.9923
0.45155,41.7162
0.45223,41.9959
0.45333,41.7953
0.45347,41.8863
0.45463,41.7873
0.45478,41.8839
0.45878,41.9679
0.46055,42.0021
0.46098,42.0162
0.46156,41.9839
0.46641,42.3424
0.4666,42.048
0.4684,41.9733
0.4688,41.7631
0.47039,42.2151
0.47057,42.0135
0.4717,41.9798
0.47196,42.0374
0.47572,41.938
0.47793,42.2269
0.47943,41.8695
0.47948,42.0107
0.4798,41.8956
0.48056,42.0041
0.48071,41.9748
0.48171,42.3055
0.48881,42.0842
0.49246,42.2783
0.49501,42.0821
0.4956,42.1453
0.49572,42.0817
0.49737,42.1268
0.50073,42.257
0.5009,42.1165
0.50276,42.161
0.50276,42.0703
0.503,42.1484
0.50309,42.1444
0.50598,42.079
0.50617,42.1043
0.50716,42.2358
0.50737,42.2419
0.50817,42.0193
0.51006,42.0945
0.51087,42.0583
0.51175,42.3885
0.5138,42.2567
0.51435,42.2259
0.51475,42.3259
0.51718,42.0932
0.51876,42.1949
0.51879,42.1824
0.51943,42.2438
0.5196,42.2905
0.52277,42.3496
0.52393,42.1774
0.52613,42.1702
0.52851,42.0855
0.52939,42.2913
0.53091,41.8802
0.53105,42.5109
0.53117,42.5253
0.53226,41.9821
0.53277,42.2472
0.53377,42.1649
0.53433,42.1433
0.53532,42.3205
0.53578,42.2134
0.53944,42.3338
0.54089,42.2791
0.54154,42.53
0.5454,42.5633
0.54832,42.0235
0.54886,42.1695
0.55011,42.3253
0.55031,42.3728
0.55048,42.4104
0.5526,42.1938
0.5538,42.49
0.55389,42.0827
0.55775,42.4389
0.55875,42.7331
0.55875,42.2975
0.56174,42.2937
0.56263,42.6016
0.56276,42.4296
0.56441,42.3928
0.5643,42.4881
0.56431,42.3969
0.56475,42.4873
0.56883,42.2407
0.57535,42.1912
0.57583,42.5915
0.57609,42.4887
0.57661,42.4263
0.57741,42.645
0.57829,42.4174
0.57823,42.4512
0.57875,42.4272
0.57884,42.5317
0.57959,42.3923
0.5806,42.573
0.58073,42.7061
0.58294,42.5408
0.58328,42.7974
0.58375,42.4765
0.58375,42.6489
0.58382,42.4199
0.58575,42.707
0.58728,42.6241
0.58873,42.5021
0.59028,42.5156
0.59184,42.4508
0.6006,42.6116
0.60149,42.7562
0.60327,42.7503
0.6062,42.6158
0.60826,42.5904
0.6088,42.4282
0.60873,42.6179
0.60987,42.6876
0.61064,42.6686
0.61125,42.9049
0.61171,42.701
0.61571,42.7085
0.61869,42.7164
0.61942,42.6948
0.61988,42.7557
0.62063,42.6988
0.62188,42.5894
0.62523,42.6577
0.62723,42.585
0.63071,42.6632
0.63189,42.3111
0.63223,42.8493
0.63392,42.5972
0.63771,42.5298
0.63787,42.8637
0.63823,42.6594
0.63866,42.7804
0.63936,42.79
0.6419,42.8476
0.64305,42.3609
0.64364,42.7992
0.64363,42.8034
0.64763,42.819
0.64846,43.0397
0.64863,42.7335
0.64964,42.7805
0.66207,42.9793
0.66463,42.8698
0.67065,43.0677
0.67767,43.2251
0.68195,42.8376
0.68365,43.1716
0.68517,43.0166
0.68867,42.8137
0.68937,42.8535
0.68937,43.0444
0.69065,42.9143
0.69316,42.9162
0.69716,42.9692
0.69816,42.9671
0.69916,42.9402
0.69916,43.0691
0.69933,43.1107
0.69997,43.1147
0.70064,42.917
0.70115,43.0968
0.70197,42.8962
0.70198,43.0433
0.71565,42.9944
0.71867,42.8739
0.71962,43.1638
0.71964,42.97
0.72013,43.1612
0.72067,43.0459
0.72667,43.0811
0.72767,43.008
0.72861,43.005
0.73012,42.9186
0.73163,43.1799
0.73362,42.9845
0.734,43.22
0.73501,43.2537
0.73562,43.1807
0.73602,43.1675
0.73668,42.992
0.74202,43.4813
0.74269,43.0825
0.74566,43.1675
0.74613,42.9817
0.7491,42.9396
0.74932,43.1772
0.75068,42.9012
0.75904,43.2469
0.76069,43.0667
0.76108,43.1767
0.76159,43.131
0.7656,43.2369
0.7666,43.4224
0.76668,43.3623
0.76707,43.5587
0.7686,43.2929
0.76933,43.2168
0.77308,43.3568
0.77931,43.0395
0.78806,43.3042
0.78905,43.3837
0.78929,43.1995
0.79656,42.9026
0.79858,43.4338
0.83973,43.36
0.83973,43.2012
0.85474,43.6168
0.93577,43.5331
0.97424,44.1111
1.01236,44.1177
1.0198,44.2757
1.02081,43.9706
1.02781,44.5364
1.04819,44.4229
1.12085,44.4405
1.23223,44.3207
1.23589,44.905
1.29912,44.8641
1.30412,44.7206
1.30612,45.0197
1.31311,44.7867
1.32911,44.8745
1.34093,44.7541
1.35134,44.5492
1.3561,44.8094
1.39096,44.7944
1.41631,44.4579
1.54295,45.0902
1.54903,45.293
1.61499,45.1595
1.69702,45.2863
1.80111,45.4865
1.9116,45.4233
2.2613,46.1828
